{
  "graph_metadata": {
    "blocks": [
      "input",
      "reasoner",
      "decision"
    ],
    "connections": {
      "input": [],
      "reasoner": [
        "input"
      ],
      "decision": [
        "reasoner"
      ]
    },
    "has_monitor": true,
    "has_memory_system": true
  },
  "monitor": {
    "loss_history": [
      0.5003823453632923,
      0.49206128490796175,
      0.482806134530847,
      0.4725550555240261,
      0.46124519448858337,
      0.4499393672485894,
      0.44004819965812203,
      0.42718063945358153,
      0.4136059790471336,
      0.3994622545942548,
      0.3849566544085974,
      0.37037047735066153,
      0.35605097166262567,
      0.34238472385914065,
      0.3297524436493404,
      0.3184735053218901,
      0.30875765293603763,
      0.30068074469454587,
      0.2941934310365468,
      0.2891553766094148,
      0.28537873132154346,
      0.2826650447677821,
      0.28082813997752964,
      0.2797034247778356,
      0.2791485299821943,
      0.27904019644483924,
      0.2792705111205578,
      0.2797443186864257,
      0.2803776413202286,
      0.28109729336574674,
      0.2818409437313676,
      0.2825571298599243,
      0.2832053522579372,
      0.28375556599348783,
      0.2841877709142864,
      0.28449091129004955,
      0.2846618313342333,
      0.2847040998749435,
      0.28462667716667056,
      0.28444269532337785
    ],
    "activations": {
      "input": [
        [
          0.8221046924591064,
          0.8221046924591064
        ]
      ],
      "reasoner": [
        [
          0.36174148321151733
        ]
      ],
      "decision": [
        [
          0.580177366733551
        ]
      ]
    },
    "attention": {
      "reasoner": {
        "input": [
          1.0
        ]
      },
      "decision": {
        "reasoner": [
          1.0
        ]
      }
    }
  },
  "memory": [
    {
      "input": {
        "input": [
          0.0,
          0.0
        ]
      },
      "target": [
        0.0
      ],
      "loss": 0.3359905779361725,
      "attention": {
        "reasoner": {
          "input": [
            1.0
          ]
        },
        "decision": {
          "reasoner": [
            1.0
          ]
        }
      }
    },
    {
      "input": {
        "input": [
          0.0,
          1.0
        ]
      },
      "target": [
        1.0
      ],
      "loss": 0.17583705484867096,
      "attention": {
        "reasoner": {
          "input": [
            1.0
          ]
        },
        "decision": {
          "reasoner": [
            1.0
          ]
        }
      }
    },
    {
      "input": {
        "input": [
          1.0,
          0.0
        ]
      },
      "target": [
        1.0
      ],
      "loss": 0.17584194242954254,
      "attention": {
        "reasoner": {
          "input": [
            1.0
          ]
        },
        "decision": {
          "reasoner": [
            1.0
          ]
        }
      }
    },
    {
      "input": {
        "input": [
          1.0,
          1.0
        ]
      },
      "target": [
        0.0
      ],
      "loss": 0.3377108573913574,
      "attention": {
        "reasoner": {
          "input": [
            1.0
          ]
        },
        "decision": {
          "reasoner": [
            1.0
          ]
        }
      }
    },
    {
      "input": {
        "input": [
          0.0,
          0.0
        ]
      },
      "target": [
        0.0
      ],
      "loss": 0.33754995465278625,
      "attention": {
        "reasoner": {
          "input": [
            1.0
          ]
        },
        "decision": {
          "reasoner": [
            1.0
          ]
        }
      }
    },
    {
      "input": {
        "input": [
          0.0,
          1.0
        ]
      },
      "target": [
        1.0
      ],
      "loss": 0.174730122089386,
      "attention": {
        "reasoner": {
          "input": [
            1.0
          ]
        },
        "decision": {
          "reasoner": [
            1.0
          ]
        }
      }
    },
    {
      "input": {
        "input": [
          1.0,
          0.0
        ]
      },
      "target": [
        1.0
      ],
      "loss": 0.1747351437807083,
      "attention": {
        "reasoner": {
          "input": [
            1.0
          ]
        },
        "decision": {
          "reasoner": [
            1.0
          ]
        }
      }
    },
    {
      "input": {
        "input": [
          1.0,
          1.0
        ]
      },
      "target": [
        0.0
      ],
      "loss": 0.3392374813556671,
      "attention": {
        "reasoner": {
          "input": [
            1.0
          ]
        },
        "decision": {
          "reasoner": [
            1.0
          ]
        }
      }
    },
    {
      "input": {
        "input": [
          0.0,
          0.0
        ]
      },
      "target": [
        0.0
      ],
      "loss": 0.33783918619155884,
      "attention": {
        "reasoner": {
          "input": [
            1.0
          ]
        },
        "decision": {
          "reasoner": [
            1.0
          ]
        }
      }
    },
    {
      "input": {
        "input": [
          0.0,
          1.0
        ]
      },
      "target": [
        1.0
      ],
      "loss": 0.17453867197036743,
      "attention": {
        "reasoner": {
          "input": [
            1.0
          ]
        },
        "decision": {
          "reasoner": [
            1.0
          ]
        }
      }
    },
    {
      "input": {
        "input": [
          1.0,
          0.0
        ]
      },
      "target": [
        1.0
      ],
      "loss": 0.17454390227794647,
      "attention": {
        "reasoner": {
          "input": [
            1.0
          ]
        },
        "decision": {
          "reasoner": [
            1.0
          ]
        }
      }
    },
    {
      "input": {
        "input": [
          1.0,
          1.0
        ]
      },
      "target": [
        0.0
      ],
      "loss": 0.3394942879676819,
      "attention": {
        "reasoner": {
          "input": [
            1.0
          ]
        },
        "decision": {
          "reasoner": [
            1.0
          ]
        }
      }
    },
    {
      "input": {
        "input": [
          0.0,
          0.0
        ]
      },
      "target": [
        0.0
      ],
      "loss": 0.3369571566581726,
      "attention": {
        "reasoner": {
          "input": [
            1.0
          ]
        },
        "decision": {
          "reasoner": [
            1.0
          ]
        }
      }
    },
    {
      "input": {
        "input": [
          0.0,
          1.0
        ]
      },
      "target": [
        1.0
      ],
      "loss": 0.1751886010169983,
      "attention": {
        "reasoner": {
          "input": [
            1.0
          ]
        },
        "decision": {
          "reasoner": [
            1.0
          ]
        }
      }
    },
    {
      "input": {
        "input": [
          1.0,
          0.0
        ]
      },
      "target": [
        1.0
      ],
      "loss": 0.17519403994083405,
      "attention": {
        "reasoner": {
          "input": [
            1.0
          ]
        },
        "decision": {
          "reasoner": [
            1.0
          ]
        }
      }
    },
    {
      "input": {
        "input": [
          1.0,
          1.0
        ]
      },
      "target": [
        0.0
      ],
      "loss": 0.33858075737953186,
      "attention": {
        "reasoner": {
          "input": [
            1.0
          ]
        },
        "decision": {
          "reasoner": [
            1.0
          ]
        }
      }
    },
    {
      "input": {
        "input": [
          0.0,
          0.0
        ]
      },
      "target": [
        0.0
      ],
      "loss": 0.3350125849246979,
      "attention": {
        "reasoner": {
          "input": [
            1.0
          ]
        },